dataset,comparison_subset,sig_recall_of_deg_all_count,sig_recall_of_deg_all_median,sig_recall_of_deg_all_q25,sig_recall_of_deg_all_q75,top10_overlap_fraction_count,top10_overlap_fraction_median,top10_overlap_fraction_q25,top10_overlap_fraction_q75,top20_overlap_fraction_count,top20_overlap_fraction_median,top20_overlap_fraction_q25,top20_overlap_fraction_q75,spearman_minus_log10_fdr_count,spearman_minus_log10_fdr_median,spearman_minus_log10_fdr_q25,spearman_minus_log10_fdr_q75,median_delta_minus_log10_fdr_count,median_delta_minus_log10_fdr_median,median_delta_minus_log10_fdr_q25,median_delta_minus_log10_fdr_q75
OTF,DEG_not_in_L1000,1370,0.619382964453387,0.5501811594202899,0.6808510638297872,1370,0.9,0.9,0.9,1370,0.85,0.8,0.9,1370,0.884882116817167,0.8564591654195857,0.9117583980626952,1370,-1.2125022090356616,-1.3696214208449955,-1.0326670960554432
OTF,L1000_all,1370,0.6296296296296297,0.5952380952380952,0.6730769230769231,1370,0.0,0.0,0.1,1370,0.05,0.05,0.05,1370,0.4010650909860953,0.3564097380258653,0.4495382863516141,1370,-0.859210398617315,-1.2357581817948615,-0.4329491532921981
OTF,L1000_in_DEG,1370,0.4888888888888889,0.3953488372093023,0.5581395348837209,1370,0.1,0.0,0.1,1370,0.3,0.2,0.35,1370,0.6204327473519751,0.5860214939418527,0.6486961618071452,1370,-1.7200646878138266,-2.038874433738662,-1.425756816559455
sciplex,DEG_not_in_L1000,1956,0.5070422535211268,0.4615384615384615,0.5540540540540541,1956,0.7,0.7,0.8,1956,0.7,0.65,0.8,1956,0.9249884887005524,0.9102112247997868,0.9354608045417152,1956,-1.5502617894086632,-1.8712551275909988,-1.4000519106375515
sciplex,L1000_all,1956,0.72,0.7,0.7397260273972602,1956,0.2,0.1,0.2,1956,0.25,0.2,0.35,1956,0.529916333258132,0.5091166106838525,0.5511503165600605,1956,-0.0260281847281539,-0.4240654190279425,0.4112821674609802
sciplex,L1000_in_DEG,1956,0.6024868705591597,0.5538461538461539,0.6515151515151515,1956,0.2,0.1,0.3,1956,0.35,0.3,0.45,1956,0.651976223912645,0.6315701015231068,0.6710351995930245,1956,-1.183237990159543,-1.3295089107784577,-1.021181867387151
tahoe,DEG_not_in_L1000,54028,0.5531914893617021,0.4716981132075472,0.6363636363636364,54036,0.8,0.7,0.8,54036,0.8,0.75,0.85,54036,0.92420747337044,0.887375101306509,0.9457420733440216,54028,-1.21062635418622,-1.5118366517102062,-0.8880386858130581
tahoe,L1000_all,54028,0.7741935483870968,0.7307692307692307,0.8125,54036,0.1,0.1,0.2,54036,0.25,0.15,0.3,54036,0.5715759184647153,0.4975285508750761,0.6181802199971759,54028,0.8883483910973938,0.2237386444589948,1.6190417762764384
tahoe,L1000_in_DEG,54028,0.5151515151515151,0.3125,0.6346153846153846,54036,0.3,0.2,0.4,54036,0.45,0.35,0.5,54013,0.6885931032807875,0.6290010371994821,0.7312851366302553,54028,-1.3731595911040828,-1.6760368964958607,-1.0567723571232277
