dataset,hvg_top_n,comparison_subset,sig_recall_of_deg_all_count,sig_recall_of_deg_all_median,sig_recall_of_deg_all_q25,sig_recall_of_deg_all_q75,top10_overlap_fraction_count,top10_overlap_fraction_median,top10_overlap_fraction_q25,top10_overlap_fraction_q75,top20_overlap_fraction_count,top20_overlap_fraction_median,top20_overlap_fraction_q25,top20_overlap_fraction_q75,spearman_minus_log10_fdr_count,spearman_minus_log10_fdr_median,spearman_minus_log10_fdr_q25,spearman_minus_log10_fdr_q75,median_delta_minus_log10_fdr_count,median_delta_minus_log10_fdr_median,median_delta_minus_log10_fdr_q25,median_delta_minus_log10_fdr_q75
OTF,2000,DEG_not_in_HVG,1370,0.7727272727272727,0.7209302325581395,0.8214285714285714,1370,0.9,0.9,1.0,1370,0.9,0.85,0.95,1370,0.9579668833364944,0.947245307024775,0.9655136758147448,1370,-0.8000526037291575,-0.902775166133589,-0.6740947146423002
OTF,2000,HVG_all,1370,0.1025641025641025,0.088235294117647,0.1162790697674418,1370,0.4,0.4,0.4,1370,0.25,0.25,0.3,1370,0.0407389328673223,-0.0028188545052848,0.0944047900680755,1370,-2.835216404198137,-3.2258080767773256,-2.505408779268988
OTF,2000,HVG_in_DEG,1370,0.1914893617021276,0.15,0.2325581395348837,1370,0.5,0.4,0.5,1370,0.45,0.4,0.5,1369,0.6280914385674952,0.5735532282988606,0.6667595412804467,1370,-2.652957493648673,-3.007371486694083,-2.3329924647207863
OTF,3000,DEG_not_in_HVG,1370,0.7619047619047619,0.717391304347826,0.8095238095238095,1370,0.9,0.8,0.9,1370,0.9,0.85,0.9,1370,0.9415634408488284,0.9297794739054828,0.950228156755372,1370,-0.8641679046817494,-1.0098404835924757,-0.7379803673927045
OTF,3000,HVG_all,1370,0.119047619047619,0.1034482758620689,0.1363636363636363,1370,0.4,0.4,0.4,1370,0.2,0.2,0.25,1370,-0.0085814566081804,-0.0548379737136085,0.054399898831054,1370,-2.93937151505129,-3.296540353279895,-2.6002380434701102
OTF,3000,HVG_in_DEG,1370,0.2258064516129032,0.1792001530807501,0.2708333333333333,1370,0.5,0.4,0.6,1370,0.5,0.4,0.55,1369,0.6339514167493455,0.5889494308029093,0.6759323710859644,1370,-2.661492201726732,-2.997240598397287,-2.336804309706896
OTF,5000,DEG_not_in_HVG,1370,0.6875,0.6382978723404256,0.7365938430983118,1370,0.9,0.8,0.9,1370,0.85,0.8,0.9,1370,0.903300468016418,0.8864605555219103,0.9173662170755656,1370,-1.2696730467212047,-1.4169873169863223,-1.1115551146373734
OTF,5000,HVG_all,1370,0.08,0.0681818181818181,0.0930232558139534,1370,0.2,0.2,0.2,1370,0.2,0.2,0.2,1370,-0.0828817021701735,-0.1329218718025942,-0.0075048097037129,1370,-2.884135963764531,-3.237436901969576,-2.540135573603793
OTF,5000,HVG_in_DEG,1370,0.3725490196078431,0.3061224489795918,0.4259259259259259,1370,0.6,0.5,0.6,1370,0.55,0.45,0.6,1369,0.6933740841712953,0.641817002775601,0.7333388916793527,1370,-2.332595497181384,-2.6286184918893807,-2.050205066545547
sciplex,2000,DEG_not_in_HVG,1956,0.8947368421052632,0.8547653958944281,0.9295774647887324,1956,0.9,0.8,0.9,1956,0.85,0.8,0.9,1956,0.9767688526428268,0.9712440756317566,0.9871634121230844,1956,-0.3766568945471054,-0.4653213747317383,-0.279445717745861
sciplex,2000,HVG_all,1956,0.123076923076923,0.109375,0.136986301369863,1956,0.0,0.0,0.0,1956,0.0,0.0,0.0,1956,-0.3077558955121119,-0.3437432606801607,-0.2407875718550074,1956,-2.77502109324602,-3.357077497814224,-2.486764682471148
sciplex,2000,HVG_in_DEG,1956,0.0519480519480519,0.027027027027027,0.0735294117647058,1956,0.2,0.1,0.3,1956,0.25,0.2,0.35,1956,0.2790658930890531,0.2302131743177877,0.3336446863842892,1956,-2.86714451022194,-3.4375837085786687,-2.5558361742009303
sciplex,3000,DEG_not_in_HVG,1956,0.8656716417910447,0.8108108108108109,0.9066666666666666,1956,0.8,0.7,0.8,1956,0.8,0.75,0.85,1956,0.9654825966835242,0.9522797991165634,0.9797414109263104,1956,-0.5200988825246953,-0.6259343853583553,-0.4109301400944007
sciplex,3000,HVG_all,1956,0.136986301369863,0.12,0.15625,1956,0.0,0.0,0.0,1956,0.0,0.0,0.0,1956,-0.3628754573814557,-0.4006268989616701,-0.2994702393841002,1956,-2.754957450322278,-3.2790081123637385,-2.457979416454405
sciplex,3000,HVG_in_DEG,1956,0.1313632441760137,0.0666666666666666,0.1666666666666666,1956,0.2,0.2,0.3,1956,0.35,0.25,0.4,1956,0.3295414869320011,0.2755939733884638,0.3842306653087826,1956,-2.7569083871526168,-3.1625828781809724,-2.415272147710533
sciplex,5000,DEG_not_in_HVG,1956,0.7883055911224925,0.7142857142857143,0.8405797101449275,1956,0.7,0.6,0.7,1956,0.75,0.7,0.8,1956,0.9406349115676084,0.913231959813404,0.953965501765122,1956,-0.9626511328096098,-1.060356548243808,-0.8102091998762057
sciplex,5000,HVG_all,1956,0.0972222222222222,0.0869565217391304,0.1129032258064516,1956,0.0,0.0,0.0,1956,0.0,0.0,0.0,1956,-0.4416346949865842,-0.479261734737097,-0.3805937271578957,1956,-2.823748249534228,-3.4592865687423875,-2.5355226586531465
sciplex,5000,HVG_in_DEG,1956,0.2272727272727272,0.1408450704225352,0.2777777777777778,1956,0.3,0.2,0.4,1956,0.4,0.3,0.45,1956,0.4617251797478517,0.4156003113084145,0.5005248618190874,1956,-2.5322566418671477,-2.894689213020853,-2.2000602869014703
tahoe,2000,DEG_not_in_HVG,54028,0.8169014084507042,0.7301587301587301,0.8793103448275862,54036,0.8,0.7,0.9,54036,0.85,0.8,0.9,54036,0.9465000511485828,0.9215879055186468,0.9630062191436743,54028,-0.2741874900212244,-0.4883329752463723,-0.0754242577521057
tahoe,2000,HVG_all,54028,0.1666666666666666,0.131578947368421,0.2181818181818181,54036,0.1,0.1,0.2,54036,0.1,0.1,0.15,54036,0.0891259178531819,-0.007591090555782,0.1811930409362707,54028,-2.185386640566855,-2.6440266506137897,-1.8037813613981544
tahoe,2000,HVG_in_DEG,54028,0.1111111111111111,0.0377358490566037,0.1785714285714285,54036,0.2,0.1,0.3,54036,0.25,0.15,0.35,53235,0.3894251603664479,0.3034718366993567,0.4726547448178346,54028,-2.319901828132787,-2.756592382416083,-1.9436332894757975
tahoe,3000,DEG_not_in_HVG,54028,0.7894736842105263,0.6981132075471698,0.8545454545454545,54036,0.8,0.7,0.9,54036,0.8,0.75,0.85,54036,0.9328876188508396,0.9051012990500042,0.9515078429435364,54028,-0.4377828678072889,-0.6615647731385379,-0.1887449942772237
tahoe,3000,HVG_all,54028,0.1408450704225352,0.1025641025641025,0.196078431372549,54036,0.1,0.1,0.2,54036,0.1,0.1,0.15,54036,0.0458338182762264,-0.0445212622450759,0.1342707075263536,54028,-2.273167566953883,-2.7374689114813284,-1.8831454326518715
tahoe,3000,HVG_in_DEG,54028,0.1428571428571428,0.0476190476190476,0.2291666666666666,54036,0.2,0.1,0.3,54036,0.3,0.2,0.4,53517,0.451295234915144,0.3693343152193166,0.5248147187688124,54028,-2.243940793636903,-2.66054382136773,-1.881174209945705
tahoe,5000,DEG_not_in_HVG,54028,0.6046511627906976,0.5069940189079684,0.6909090909090909,54036,0.7,0.6,0.8,54036,0.75,0.65,0.8,54036,0.8735952912207938,0.8236467886839182,0.9049423503332716,54028,-1.129768810856328,-1.366525331024798,-0.8398031981137691
tahoe,5000,HVG_all,54028,0.2162162162162162,0.1739130434782608,0.2777777777777778,54036,0.1,0.1,0.2,54036,0.1,0.1,0.15,54036,0.0574353433613074,-0.0401717875473367,0.1492716765674297,54028,-2.068542397068672,-2.5165217498180583,-1.698227631767941
tahoe,5000,HVG_in_DEG,54028,0.3392857142857143,0.196078431372549,0.4444444444444444,54036,0.4,0.3,0.4,54036,0.45,0.35,0.5,53954,0.6568237983458478,0.5949371062429532,0.7077723257875581,54028,-1.805077083026661,-2.140406329079481,-1.5008430267227542
