dataset,hvg_method,hvg_level,hvg_top_n,deg_only_n,hvg_only_n,deg_hvg_only_n,l1000_only_n,deg_l1000_only_n,hvg_l1000_only_n,deg_hvg_l1000_n,deg_n,hvg_n,l1000_n,deg_hvg_n,deg_l1000_n,hvg_l1000_n,deg_hvg_fraction_of_deg,deg_l1000_fraction_of_deg,deg_hvg_l1000_fraction_of_deg
OTF,seurat_dispersion,cellline,2000,2343.162654996353,1516.4442013129103,378.109409190372,665.6834427425237,265.8701677607586,76.37053245805981,29.075857038657915,3016.2180889861415,2000.0,1037.0,407.1852662290299,294.9460247994165,105.44638949671773,0.1432205272831678,0.09887996592352787,0.010749801322165785
OTF,seurat_dispersion,cellline,3000,2169.6768781911014,2296.6148796498906,551.5951859956236,637.6980306345733,247.5120350109409,104.35594456601021,47.433989788475564,3016.2180889861415,3000.0,1037.0,599.0291757840992,294.9460247994165,151.78993435448578,0.20999791231766093,0.09887996592352787,0.017237017819652967
OTF,seurat_dispersion,cellline,5000,1881.583515681984,3892.0328227571117,839.6885485047411,552.8563092633115,215.86506199854122,189.19766593727206,79.08096280087527,3016.2180889861415,5000.0,1037.0,918.7695113056163,294.9460247994165,268.27862873814735,0.31961649900693095,0.09887996592352787,0.028396204077399432
OTF,seurat_dispersion,cellline,10000,1398.6652078774616,8165.80598103574,1322.6068563092633,358.30269876002916,167.11013858497446,383.75127644055436,127.83588621444201,3016.2180889861415,10000.0,1037.0,1450.4427425237054,294.9460247994165,511.58716265499635,0.4881448913096804,0.09887996592352787,0.04424808162219428
OTF,seurat_dispersion,dataset,2000,2390.690007293946,1584.417943107221,330.582056892779,680.8825674690007,271.1174325309993,61.17140773158279,23.828592268417214,3016.2180889861415,2000.0,1037.0,354.4106491611962,294.9460247994165,85.0,0.12474121593377316,0.09887996592352787,0.008579697495584458
OTF,seurat_dispersion,dataset,3000,2233.9686360320934,2389.6965718453685,487.30342815463166,654.560904449307,259.4390955506929,87.49307075127643,35.50692924872356,3016.2180889861415,3000.0,1037.0,522.8103574033552,294.9460247994165,123.0,0.18154659437355503,0.09887996592352787,0.012574252781201948
OTF,seurat_dispersion,dataset,5000,1984.9948942377825,4056.722830051058,736.2771699489424,594.6863603209337,235.31363967906637,147.3676148796499,59.63238512035011,3016.2180889861415,5000.0,1037.0,795.9095550692925,294.9460247994165,207.0,0.2715797790391309,0.09887996592352787,0.020587081366961364
OTF,seurat_dispersion,dataset,10000,1532.381473377097,8405.109409190372,1188.890590809628,440.7892049598833,190.2107950401167,301.2647702407002,104.73522975929978,3016.2180889861415,10000.0,1037.0,1293.6258205689278,294.9460247994165,406.0,0.4291738312765863,0.09887996592352787,0.03534620092512061
sciplex,seurat_dispersion,cellline,2000,4304.4739263803685,1475.7530674846626,401.57975460122697,457.0398773006135,457.29294478527606,74.88752556237219,47.77965235173824,5211.12627811861,2000.0,1037.0,449.35940695296523,505.0725971370143,122.66717791411043,0.08641773073211352,0.09698681480899277,0.009294221135390825
sciplex,seurat_dispersion,cellline,3000,4109.12372188139,2226.8420245398775,596.9299591002045,425.2939672801636,435.47801635991823,106.63343558282209,69.59458077709611,5211.12627811861,3000.0,1037.0,666.5245398773006,505.0725971370143,176.2280163599182,0.1278944035400104,0.09698681480899277,0.0134776033078245
sciplex,seurat_dispersion,cellline,5000,3651.8824130879348,3672.3916155419224,1054.1712678936606,371.63496932515335,391.92791411042947,160.29243353783232,113.14468302658487,5211.12627811861,5000.0,1037.0,1167.3159509202453,505.0725971370143,273.4371165644172,0.2241093360708069,0.09698681480899277,0.021948649298520122
sciplex,seurat_dispersion,cellline,10000,2547.8670756646216,7326.065950920245,2158.1866053169733,251.15286298568506,270.0996932515337,280.77453987730064,234.97290388548058,5211.12627811861,10000.0,1037.0,2393.159509202454,505.0725971370143,515.7474437627811,0.46039867169474796,0.09698681480899277,0.04525485704124157
sciplex,seurat_dispersion,dataset,2000,4364.5337423312885,1575.4800613496932,341.51993865030676,478.16308793456034,475.83691206543966,53.76431492842536,29.235685071574643,5211.12627811861,2000.0,1037.0,370.75562372188136,505.0725971370143,83.0,0.07463672804558778,0.09698681480899277,0.005828470945522451
sciplex,seurat_dispersion,dataset,3000,4227.185071574642,2398.131390593047,478.86860940695294,455.84560327198363,458.15439672801637,76.08179959100204,46.918200408997954,5211.12627811861,3000.0,1037.0,525.786809815951,505.0725971370143,123.0,0.10515287994125813,0.09698681480899277,0.009334193836189875
sciplex,seurat_dispersion,dataset,5000,3888.829754601227,3998.776073619632,817.2239263803681,420.8563394683027,432.1436605316973,111.07106339468302,72.92893660531698,5211.12627811861,5000.0,1037.0,890.152862985685,505.0725971370143,184.0,0.17608716767946567,0.09698681480899277,0.014418302385635054
sciplex,seurat_dispersion,dataset,10000,2516.062883435583,7316.009202453988,2189.9907975460123,275.9795501022495,267.0204498977505,255.9478527607362,238.0521472392638,5211.12627811861,10000.0,1037.0,2428.042944785276,505.0725971370143,494.0,0.4731034036340854,0.09698681480899277,0.04638292249614221
tahoe,seurat_dispersion,cellline,2000,1438.3509336192262,1787.8299383543285,118.36567497543108,778.2372464933441,164.95836683641562,79.2534619851693,14.550924685071026,1736.225900116144,2000.0,1037.0,132.9165996605021,179.50929152148663,93.80438667024033,0.08083807638332759,0.10554778789631808,0.00925094692544054
tahoe,seurat_dispersion,cellline,3000,1360.3591083713036,2669.189850799607,196.3575002233539,746.5600821942286,155.98726882873225,110.93062628428483,23.5220226927544,1736.225900116144,3000.0,1037.0,219.87952291610827,179.50929152148663,134.45264897703922,0.13411057160268822,0.10554778789631808,0.01487142137299335
tahoe,seurat_dispersion,cellline,5000,1139.0620030376128,4345.039667649424,417.6546055570446,669.0657107120521,130.62856249441614,188.4249977664612,48.880729027070494,1736.225900116144,5000.0,1037.0,466.53533458411505,179.50929152148663,237.30572679353168,0.28376181696574004,0.10554778789631808,0.030589837897073265
tahoe,seurat_dispersion,cellline,10000,728.3191280264451,8655.603680871973,828.3974805682122,435.8666577325114,85.13450370767444,421.62405074600196,94.3747878138122,1736.225900116144,10000.0,1037.0,922.7722683820244,179.50929152148663,515.9988385598142,0.5453634173414914,0.10554778789631808,0.056921988576558204
tahoe,seurat_dispersion,dataset,2000,1476.4217928788216,1752.8064808646088,168.19351913539123,789.6687208527649,168.33127914723516,60.90297209267896,18.097027907321046,1831.043619068769,2000.0,1037.0,186.29054704271226,186.42830705455623,79.0,0.117390564482012,0.10384584819298234,0.011791963887229032
tahoe,seurat_dispersion,dataset,3000,1425.2593826337998,2676.6440706195867,219.35592938041304,772.7693019468502,160.23069805314975,77.80239099859352,26.19760900140647,1831.043619068769,3000.0,1037.0,245.55353838181952,186.42830705455623,104.0,0.1523790250949794,0.10384584819298234,0.01676181810629039
tahoe,seurat_dispersion,dataset,5000,1215.9258642386558,4378.310552224443,428.689447775557,712.9933007624546,131.00669923754535,137.57839218298912,55.42160781701088,1831.043619068769,5000.0,1037.0,484.11105559256794,186.42830705455623,193.0,0.2914868201630918,0.10384584819298234,0.03470031041397042
tahoe,seurat_dispersion,dataset,10000,773.4292323636095,8663.813920349397,871.1860796506033,493.6005070693612,78.39949293063883,356.9711858760826,108.02881412391739,1831.043619068769,10000.0,1037.0,979.2148937745206,186.42830705455623,465.0,0.5598055776038621,0.10384584819298234,0.06337913748429783
all,seurat_dispersion,cellline,2000,2695.329171665316,1593.342402383967,299.35161292234335,633.6535221788271,296.04049312748344,76.83717333520043,30.468811358489063,3321.190089073632,2000.0,1037.0,329.8204242808324,326.50930448597245,107.3059846936895,0.10349211146620296,0.10047152287627957,0.009764989794332385
all,seurat_dispersion,cellline,3000,2546.3865694812653,2397.548918329792,448.294215106394,603.1840267029885,279.6591067331971,107.30666881103905,46.85019775277536,3321.190089073632,3000.0,1037.0,495.14441285916934,326.50930448597245,154.15686656381442,0.15733429582011985,0.10047152287627957,0.01519534750015694
all,seurat_dispersion,cellline,5000,2224.175977269177,3969.821368649486,770.5048073184821,531.1856631001723,246.1405128677956,179.3050324138552,80.36879161817687,3321.190089073632,5000.0,1037.0,850.8735989366588,326.50930448597245,259.6738240320321,0.275829217347826,0.10047152287627957,0.02697823042433094
all,seurat_dispersion,cellline,10000,1558.283803856176,8049.15853760932,1436.3969807314827,348.44073982607523,174.11477851472753,362.0499556879524,152.39452597124492,3321.190089073632,10000.0,1037.0,1588.791506702728,326.50930448597245,514.4444816591972,0.49796899344863993,0.10047152287627957,0.04880830907999802
all,seurat_dispersion,dataset,2000,2743.8818475013522,1637.568161773841,280.0985048928257,649.5714587521087,305.09520791455805,58.612898250895704,23.720435082437632,3352.7959953911736,2000.0,1037.0,303.8189399752633,328.8156429969957,82.33333333333333,0.10558950282045765,0.09990420964183433,0.008733377442778648
all,seurat_dispersion,dataset,3000,2628.804363413512,2488.157344352667,395.17598898066586,627.7252698893802,292.608063443953,80.459087113624,36.207579553042656,3352.7959953911736,3000.0,1037.0,431.3835685337085,328.8156429969957,116.66666666666667,0.14635949980326418,0.09990420964183433,0.012890088241227405
all,seurat_dispersion,dataset,5000,2363.250171025888,4144.603151965044,660.7301813682892,576.1786668505637,266.15466648276964,132.00569015244068,62.660976514225986,3352.7959953911736,5000.0,1037.0,723.3911578825151,328.8156429969957,194.66666666666666,0.24638458896056278,0.09990420964183433,0.02323523138885561
all,seurat_dispersion,dataset,10000,1607.2911963920963,8128.310843997919,1416.6891560020813,403.456420710498,178.543579289502,304.72793629250634,150.27206370749366,3352.7959953911736,10000.0,1037.0,1566.9612197095748,328.8156429969957,455.0,0.4873609375048446,0.09990420964183433,0.048369420301853545
