hvg_method,hvg_level,hvg_top_n,n_rows,datasets,mean_hvg_deg_fraction,zero_fraction_rows
cv2,dataset,2000,3327,"OTF,sciplex",2.1291266568250532e-05,3240
cv2,cellline,2000,25713,"OTF,sciplex,tahoe",1.960974428531001e-06,25659
cv2,dataset,3000,3327,"OTF,sciplex",0.00014511331871491087,3093
cv2,cellline,3000,25713,"OTF,sciplex,tahoe",1.1484792457255294e-05,25528
cv2,dataset,5000,3327,"OTF,sciplex",0.001050297733024154,2683
cv2,cellline,5000,25713,"OTF,sciplex,tahoe",8.459101430543287e-05,24839
cv2,dataset,10000,3327,"OTF,sciplex",0.030511738574084665,20
cv2,cellline,10000,25713,"OTF,sciplex,tahoe",0.0028856660461181296,18263
dispersion,dataset,2000,1371,OTF,0.13534467973717515,0
dispersion,cellline,2000,1371,OTF,0.12411428395183129,0
dispersion,dataset,3000,1371,OTF,0.20564067132521052,0
dispersion,cellline,3000,1371,OTF,0.18812498631265348,0
dispersion,dataset,5000,1371,OTF,0.3623533567387268,0
dispersion,cellline,5000,1371,OTF,0.38241054792905965,0
dispersion,dataset,10000,1371,OTF,0.807730267170596,0
dispersion,cellline,10000,1371,OTF,0.9495394351657284,0
seurat_dispersion,dataset,2000,57363,"OTF,sciplex,tahoe",0.11610840070171317,0
seurat_dispersion,cellline,2000,25713,"OTF,sciplex,tahoe",0.08458871396314738,0
seurat_dispersion,dataset,3000,57363,"OTF,sciplex,tahoe",0.15146579527018378,0
seurat_dispersion,cellline,3000,25713,"OTF,sciplex,tahoe",0.1376839671376172,0
seurat_dispersion,dataset,5000,57363,"OTF,sciplex,tahoe",0.2870760628170861,0
seurat_dispersion,cellline,5000,25713,"OTF,sciplex,tahoe",0.28113577241426735,0
seurat_dispersion,dataset,10000,57363,"OTF,sciplex,tahoe",0.5537269977440296,0
seurat_dispersion,cellline,10000,25713,"OTF,sciplex,tahoe",0.5358492555682777,0
